text,label
"NASA successfully launches a new Mars rover.",1
"COVID-19 vaccine trials show positive results.",1
"UK economy shows signs of recovery.",1
"Researchers find a new treatment for Alzheimerâ€™s disease.",1
"Apple releases a new iPhone model with innovative features.",1
"Scientists discover a new planet outside our solar system.",1
"Australia bans single-use plastics to fight environmental damage.",1
"China completes construction of the world's largest telescope.",1
"New research shows that meditation improves mental health.",1
"University develops new artificial intelligence program.",1
"NASA discovers water on Mars, bringing closer the possibility of life.",1
"Scientists develop new drug to fight antibiotic resistance.",1
"UN announces plans to reduce global poverty by 2030.",1
"Scientists develop a method to turn CO2 into useful products.",1
"Researchers find a way to repair damaged DNA.",1
"US announces new plans to combat climate change.",1
"India's economy grows at a rapid pace, surpassing expectations.",1
"Facebook introduces new privacy features to protect user data.",1
"Experts predict that renewable energy will replace fossil fuels by 2050.",1
"Researchers create synthetic tissue that can regenerate after injury.",1
"UK government sets ambitious goals for reducing carbon emissions.",1
"New AI technology helps doctors diagnose diseases more accurately.",1
"Google introduces self-driving cars that are now available to the public.",1
"Scientists develop new materials that are stronger than steel.",1
"NASA reveals plans to send humans back to the Moon by 2024.",1
"Electric vehicle sales skyrocket as more people embrace green technology.",1
"New study shows that yoga can help reduce stress and improve mental health.",1
"Scientists develop a vaccine for malaria that shows promise.",1
"First successful transplant of a genetically modified organ performed.",1
"Countries pledge to reduce global emissions under new climate agreement.",1
"New smartphone app helps users track their carbon footprint.",1
"Global wildlife population sees a rise thanks to conservation efforts.",1
"United Nations sets new goals for global education in developing countries.",1
"Researchers develop new materials that can conduct electricity without wires.",1
"First successful trial of a universal flu vaccine shows great results.",1
"New artificial intelligence program helps identify cancer earlier.",1
"Canada's new policies lead to a reduction in air pollution levels.",1
"Government to invest in clean energy infrastructure to combat climate change.",1
"UNICEF announces new initiatives to help children in war-torn countries.",1
"Scientists create artificial organs for transplant in medical breakthrough.",1
"Technology advancements make renewable energy more affordable for all.",1
"Germany commits to phasing out coal plants by 2038 in environmental push.",1
"New research suggests that diet and exercise can reverse type 2 diabetes.",1
"Microsoft launches new cybersecurity initiative to protect businesses.",1
"Government funds research into ways to combat ocean plastic pollution.",1
"China announces plans to send astronauts to Mars within the next decade.",1
"Research shows that electric cars are now more affordable than ever.",1
"Breakthrough in AI technology enables self-learning machines.",1
"Scientists reveal a new way to clean up oil spills using bacteria.",1
"Global leaders pledge to protect 30% of the world's oceans by 2030.",1
"New research suggests that sleep plays a crucial role in learning and memory.",1
"Researchers successfully grow human tissue using stem cells.",1
"New climate agreement signed by over 100 countries to combat global warming.",1
"Groundbreaking cancer treatment shows success in early trials.",1
